Submission id,Participant id,Status,Custom study tncs accepted at,Started at,Completed at,Reviewed at,Archived at,Time taken,Completion code,Total approvals,Vision,Age,Sex,Ethnicity simplified,Country of birth,Country of residence,Nationality,Language,Student status,Employment status
662b5c111333ff6edbff466d,61721801de15feaf7ae0e40a,RETURNED,Not Applicable,2024-04-26T07:47:40.609000Z,,,2024-05-06T11:14:00.521302Z,,,247,CONSENT_REVOKED,CONSENT_REVOKED,CONSENT_REVOKED,CONSENT_REVOKED,CONSENT_REVOKED,CONSENT_REVOKED,CONSENT_REVOKED,CONSENT_REVOKED,CONSENT_REVOKED,CONSENT_REVOKED
662b5c54fce6a3e9264239e6,6112824dc733659aff681b33,RETURNED,Not Applicable,2024-04-26T07:48:46.445000Z,,,2024-05-06T11:14:00.521016Z,,,27,CONSENT_REVOKED,CONSENT_REVOKED,CONSENT_REVOKED,CONSENT_REVOKED,CONSENT_REVOKED,CONSENT_REVOKED,CONSENT_REVOKED,CONSENT_REVOKED,CONSENT_REVOKED,CONSENT_REVOKED
662b5c6c47e2e94fd278a5a8,5c33052cd4f77a0001a8ce56,RETURNED,Not Applicable,2024-04-26T07:49:00.272000Z,,,2024-05-06T11:14:00.538073Z,,,441,CONSENT_REVOKED,CONSENT_REVOKED,CONSENT_REVOKED,CONSENT_REVOKED,CONSENT_REVOKED,CONSENT_REVOKED,CONSENT_REVOKED,CONSENT_REVOKED,CONSENT_REVOKED,CONSENT_REVOKED
662b5c8048f84b68f678b9e1,6074798099d59512a511c6a9,TIMED-OUT,Not Applicable,2024-04-26T07:49:20.671000Z,,,2024-05-06T11:14:00.541249Z,876280.0,,59,Yes,29,Female,White,Poland,Poland,Poland,Polish,No,Full-Time
662b5c82ae0cfa6ff3c53d7f,61536c3d95117554003b58a2,RETURNED,Not Applicable,2024-04-26T07:49:31.009000Z,,,2024-05-06T11:14:00.548662Z,,,121,CONSENT_REVOKED,CONSENT_REVOKED,CONSENT_REVOKED,CONSENT_REVOKED,CONSENT_REVOKED,CONSENT_REVOKED,CONSENT_REVOKED,CONSENT_REVOKED,CONSENT_REVOKED,CONSENT_REVOKED
662b5c844f255560619215aa,6139acf931310af464a08585,RETURNED,Not Applicable,2024-04-26T07:59:24.772000Z,,,2024-05-06T11:14:00.550641Z,,,102,CONSENT_REVOKED,CONSENT_REVOKED,CONSENT_REVOKED,CONSENT_REVOKED,CONSENT_REVOKED,CONSENT_REVOKED,CONSENT_REVOKED,CONSENT_REVOKED,CONSENT_REVOKED,CONSENT_REVOKED
662b5c8b45ba0dcf49701124,60d857cd8f592c07e8862cf7,RETURNED,Not Applicable,2024-04-26T07:49:31.886000Z,,,2024-05-06T11:14:00.551472Z,,,412,CONSENT_REVOKED,CONSENT_REVOKED,CONSENT_REVOKED,CONSENT_REVOKED,CONSENT_REVOKED,CONSENT_REVOKED,CONSENT_REVOKED,CONSENT_REVOKED,CONSENT_REVOKED,CONSENT_REVOKED
662b5c8de394d3bb9d38f49a,61657b7fc08306b12b722115,APPROVED,Not Applicable,2024-04-26T07:49:42.422000Z,2024-04-26T08:30:45.486000Z,2024-04-29T20:54:41.384000Z,2024-04-26T08:30:46.120719Z,2464.0,CW8BWO89,292,Yes,24,Male,Black,South Africa,South Africa,South Africa,English,DATA_EXPIRED,DATA_EXPIRED
662b5c9d2cdf40cc8eb97b3d,5fa4faf94527261b54915c03,RETURNED,Not Applicable,2024-04-26T07:50:01.293000Z,,,2024-05-06T11:14:00.562201Z,,,330,CONSENT_REVOKED,CONSENT_REVOKED,CONSENT_REVOKED,CONSENT_REVOKED,CONSENT_REVOKED,CONSENT_REVOKED,CONSENT_REVOKED,CONSENT_REVOKED,CONSENT_REVOKED,CONSENT_REVOKED
662b5ca61ca7dab1b515ccc1,5f913cbf314c3d000982e130,RETURNED,Not Applicable,2024-04-26T07:50:15.794000Z,,,2024-05-06T11:14:00.565232Z,,,250,CONSENT_REVOKED,CONSENT_REVOKED,CONSENT_REVOKED,CONSENT_REVOKED,CONSENT_REVOKED,CONSENT_REVOKED,CONSENT_REVOKED,CONSENT_REVOKED,CONSENT_REVOKED,CONSENT_REVOKED
662b5cacd42b6f642b92aaf9,5f9a03999179210fe9ae3c69,RETURNED,Not Applicable,2024-04-26T08:00:04.347000Z,,,2024-05-06T11:14:00.578654Z,,,224,CONSENT_REVOKED,CONSENT_REVOKED,CONSENT_REVOKED,CONSENT_REVOKED,CONSENT_REVOKED,CONSENT_REVOKED,CONSENT_REVOKED,CONSENT_REVOKED,CONSENT_REVOKED,CONSENT_REVOKED
662b5cba20f84729db42140b,6004290f2fe8805383395886,APPROVED,Not Applicable,2024-04-26T07:50:18.560000Z,2024-04-26T08:25:19.973000Z,2024-04-29T20:54:41.709000Z,2024-04-26T08:27:05.128992Z,2102.0,CW8BWO89,293,Yes,28,Female,White,Slovenia,Slovenia,Slovenia,Slovenian,Yes,Part-Time
662b5ccb1c7a141823cdde8e,5c3f8bdf342ae0000111a3e1,APPROVED,Not Applicable,2024-04-26T07:50:35.891000Z,2024-04-26T08:12:03.020000Z,2024-04-29T20:54:41.991000Z,2024-04-26T08:12:03.592176Z,1288.0,CW8BWO89,291,Yes,26,Female,White,Hungary,Finland,Hungary,Hungarian,Yes,Part-Time
662b5ccf337e3eee4dd71195,6165ee51589a30c811a48217,APPROVED,Not Applicable,2024-04-26T07:51:08.983000Z,2024-04-26T08:18:43.738000Z,2024-04-29T20:54:42.166000Z,2024-04-26T09:18:46.837932Z,1655.0,CW8BWO89,204,Yes,30,Female,White,Greece,Greece,Greece,Greek,DATA_EXPIRED,DATA_EXPIRED
662b5cd1d009476b7adb398f,65ae8520028238caca8c4082,APPROVED,Not Applicable,2024-04-26T07:50:41.891000Z,2024-04-26T08:03:16.651000Z,2024-04-29T20:54:42.343000Z,2024-04-26T08:05:27.023540Z,755.0,CW8BWO89,30,Yes,33,Male,White,Iran,Hungary,Iran,Farsi,No,Unemployed (and job seeking)
662b5cf551515fae1a3f9e51,615c12b7b396c74155dc2185,APPROVED,Not Applicable,2024-04-26T07:51:55.768000Z,2024-04-26T08:16:56.701000Z,2024-04-29T20:54:42.531000Z,2024-04-26T08:17:16.937102Z,1501.0,CW8BWO89,473,Yes,33,Male,Black,South Africa,South Africa,South Africa,English,No,Full-Time
662b5cfce394d3bb9d38f4b8,6145bf61521b5cddd6e4ebc3,RETURNED,Not Applicable,2024-04-26T07:51:33.065000Z,,,2024-05-06T11:14:00.586956Z,,,140,CONSENT_REVOKED,CONSENT_REVOKED,CONSENT_REVOKED,CONSENT_REVOKED,CONSENT_REVOKED,CONSENT_REVOKED,CONSENT_REVOKED,CONSENT_REVOKED,CONSENT_REVOKED,CONSENT_REVOKED
662b5cff5f374cacbb12fceb,5caa10e94f1d190011783cf5,RETURNED,Not Applicable,2024-04-26T07:51:42.864000Z,,,2024-05-06T11:14:00.592359Z,,,218,CONSENT_REVOKED,CONSENT_REVOKED,CONSENT_REVOKED,CONSENT_REVOKED,CONSENT_REVOKED,CONSENT_REVOKED,CONSENT_REVOKED,CONSENT_REVOKED,CONSENT_REVOKED,CONSENT_REVOKED
662b5d0ab34c79563ddba30b,60eaac9e9b27ce557bd8fc58,RETURNED,Not Applicable,2024-04-26T08:01:38.359000Z,,,2024-05-06T11:14:00.598003Z,,,398,CONSENT_REVOKED,CONSENT_REVOKED,CONSENT_REVOKED,CONSENT_REVOKED,CONSENT_REVOKED,CONSENT_REVOKED,CONSENT_REVOKED,CONSENT_REVOKED,CONSENT_REVOKED,CONSENT_REVOKED
662b5d0ea892369668d6ed56,65366ee5ac4d61b9d34f4d6b,RETURNED,Not Applicable,2024-04-26T07:51:48.825000Z,,,2024-05-06T11:14:00.603694Z,,,105,CONSENT_REVOKED,CONSENT_REVOKED,CONSENT_REVOKED,CONSENT_REVOKED,CONSENT_REVOKED,CONSENT_REVOKED,CONSENT_REVOKED,CONSENT_REVOKED,CONSENT_REVOKED,CONSENT_REVOKED
662b5d12ae206f5beb38da3a,61516dcd44bbe2388c6d6f3a,RETURNED,Not Applicable,2024-04-26T07:51:46.334000Z,,,2024-05-06T11:14:00.618336Z,,,430,CONSENT_REVOKED,CONSENT_REVOKED,CONSENT_REVOKED,CONSENT_REVOKED,CONSENT_REVOKED,CONSENT_REVOKED,CONSENT_REVOKED,CONSENT_REVOKED,CONSENT_REVOKED,CONSENT_REVOKED
662b5d135f7b6802ee35403a,6128b55755dd29503d0d3e7a,RETURNED,Not Applicable,2024-04-26T07:51:53.569000Z,,,2024-05-06T11:14:00.618507Z,,,330,CONSENT_REVOKED,CONSENT_REVOKED,CONSENT_REVOKED,CONSENT_REVOKED,CONSENT_REVOKED,CONSENT_REVOKED,CONSENT_REVOKED,CONSENT_REVOKED,CONSENT_REVOKED,CONSENT_REVOKED
662b5d17a1d93331c1ff3f83,59dca37ee75b450001a68996,RETURNED,Not Applicable,2024-04-26T08:01:51.396000Z,,,2024-05-06T11:14:00.630263Z,,,63,CONSENT_REVOKED,CONSENT_REVOKED,CONSENT_REVOKED,CONSENT_REVOKED,CONSENT_REVOKED,CONSENT_REVOKED,CONSENT_REVOKED,CONSENT_REVOKED,CONSENT_REVOKED,CONSENT_REVOKED
662b5d2ae394d3bb9d38f4da,616bcc918d4189db775d2cc4,RETURNED,Not Applicable,2024-04-26T07:52:10.325000Z,,,2024-05-06T11:14:00.634734Z,,,322,CONSENT_REVOKED,CONSENT_REVOKED,CONSENT_REVOKED,CONSENT_REVOKED,CONSENT_REVOKED,CONSENT_REVOKED,CONSENT_REVOKED,CONSENT_REVOKED,CONSENT_REVOKED,CONSENT_REVOKED
662b5d2bae206f5beb38da43,659ed1c6e3692f80a5dc87b4,RETURNED,Not Applicable,2024-04-26T07:52:18.464000Z,,,2024-05-06T11:14:00.638727Z,,,34,CONSENT_REVOKED,CONSENT_REVOKED,CONSENT_REVOKED,CONSENT_REVOKED,CONSENT_REVOKED,CONSENT_REVOKED,CONSENT_REVOKED,CONSENT_REVOKED,CONSENT_REVOKED,CONSENT_REVOKED
662b5d2c5ee7f4233338f4f6,5f0b29b60caf8d40f6680f00,RETURNED,Not Applicable,2024-04-26T07:52:12.887000Z,,,2024-05-06T11:14:00.643515Z,,,353,CONSENT_REVOKED,CONSENT_REVOKED,CONSENT_REVOKED,CONSENT_REVOKED,CONSENT_REVOKED,CONSENT_REVOKED,CONSENT_REVOKED,CONSENT_REVOKED,CONSENT_REVOKED,CONSENT_REVOKED
662b5d38f2bc1a2354817063,607176a53e0b57a4f8be7ac9,RETURNED,Not Applicable,2024-04-26T08:02:24.023000Z,,,2024-05-06T11:14:00.646496Z,,,506,CONSENT_REVOKED,CONSENT_REVOKED,CONSENT_REVOKED,CONSENT_REVOKED,CONSENT_REVOKED,CONSENT_REVOKED,CONSENT_REVOKED,CONSENT_REVOKED,CONSENT_REVOKED,CONSENT_REVOKED
662b5d3d5ee7f4233338f4fe,634db0b0306bf84f2705fd75,RETURNED,Not Applicable,2024-04-26T07:52:29.404000Z,,,2024-05-06T11:14:00.651822Z,,,506,CONSENT_REVOKED,CONSENT_REVOKED,CONSENT_REVOKED,CONSENT_REVOKED,CONSENT_REVOKED,CONSENT_REVOKED,CONSENT_REVOKED,CONSENT_REVOKED,CONSENT_REVOKED,CONSENT_REVOKED
662b5d425ee7f4233338f504,611de3cf9bc4cd1252362d5c,RETURNED,Not Applicable,2024-04-26T08:02:34.291000Z,,,2024-05-06T11:14:00.659698Z,,,480,CONSENT_REVOKED,CONSENT_REVOKED,CONSENT_REVOKED,CONSENT_REVOKED,CONSENT_REVOKED,CONSENT_REVOKED,CONSENT_REVOKED,CONSENT_REVOKED,CONSENT_REVOKED,CONSENT_REVOKED
662b5d43f2bc1a235481706c,613a98f9098c4cfe776b69d1,APPROVED,Not Applicable,2024-04-26T07:52:35.063000Z,2024-04-26T08:22:42.731000Z,2024-04-29T20:54:42.746000Z,2024-04-26T08:22:43.332849Z,1808.0,CW8BWO89,97,Yes,21,Female,Mixed,Mexico,Mexico,Mexico,Spanish,Yes,Other
662b5d49641608d393db4003,6124ce846b7b3c7bab41bbb5,RETURNED,Not Applicable,2024-04-26T07:52:41.309000Z,,,2024-05-06T11:14:00.658625Z,,,351,CONSENT_REVOKED,CONSENT_REVOKED,CONSENT_REVOKED,CONSENT_REVOKED,CONSENT_REVOKED,CONSENT_REVOKED,CONSENT_REVOKED,CONSENT_REVOKED,CONSENT_REVOKED,CONSENT_REVOKED
662b5d4b70b9410fe79bd7a1,5ef756ff66bcd2067b3f938b,RETURNED,Not Applicable,2024-04-26T07:52:47.568000Z,,,2024-05-06T11:14:00.663347Z,,,257,CONSENT_REVOKED,CONSENT_REVOKED,CONSENT_REVOKED,CONSENT_REVOKED,CONSENT_REVOKED,CONSENT_REVOKED,CONSENT_REVOKED,CONSENT_REVOKED,CONSENT_REVOKED,CONSENT_REVOKED
662b5d51c85ceb4110eb1e7c,603e55e50ec4d3e1f1e976e1,RETURNED,Not Applicable,2024-04-26T07:53:33.586000Z,,,2024-05-06T11:14:00.667899Z,,,165,CONSENT_REVOKED,CONSENT_REVOKED,CONSENT_REVOKED,CONSENT_REVOKED,CONSENT_REVOKED,CONSENT_REVOKED,CONSENT_REVOKED,CONSENT_REVOKED,CONSENT_REVOKED,CONSENT_REVOKED
662b5d555f0caea5fb53ca8d,5eb04e79e03a4c0e066042c6,RETURNED,Not Applicable,2024-04-26T07:52:53.191000Z,,,2024-05-06T11:14:00.669754Z,,,706,CONSENT_REVOKED,CONSENT_REVOKED,CONSENT_REVOKED,CONSENT_REVOKED,CONSENT_REVOKED,CONSENT_REVOKED,CONSENT_REVOKED,CONSENT_REVOKED,CONSENT_REVOKED,CONSENT_REVOKED
662b5d5e337e3eee4dd711b2,61320a26c3013321c8d54600,APPROVED,Not Applicable,2024-04-26T07:53:02.352000Z,2024-04-26T08:14:18.722000Z,2024-04-29T20:54:42.923000Z,2024-04-26T08:16:36.407212Z,1277.0,CW8BWO89,432,Yes,42,Female,Black,South Africa,South Africa,South Africa,English,No,Full-Time
662b5d842cdf40cc8eb97b81,65b7e59b58fd4bc136bc21f6,RETURNED,Not Applicable,2024-04-26T07:53:40.223000Z,,,2024-05-06T11:14:00.673446Z,,,81,CONSENT_REVOKED,CONSENT_REVOKED,CONSENT_REVOKED,CONSENT_REVOKED,CONSENT_REVOKED,CONSENT_REVOKED,CONSENT_REVOKED,CONSENT_REVOKED,CONSENT_REVOKED,CONSENT_REVOKED
662b5d881034ea4f41fe5696,6586e5f59b65330608147376,APPROVED,Not Applicable,2024-04-26T07:53:44.919000Z,2024-04-26T08:11:14.778000Z,2024-04-29T20:54:43.117000Z,2024-04-26T08:11:15.294432Z,1050.0,CW8BWO89,55,Yes,48,Male,White,Sweden,Norway,Norway,Norwegian,No,Full-Time
662b5d899ac365443f5867df,5d2d98a9a0d896001a5d6e4f,RETURNED,Not Applicable,2024-04-26T07:57:27.954000Z,,,2024-05-06T11:14:00.672537Z,,,561,CONSENT_REVOKED,CONSENT_REVOKED,CONSENT_REVOKED,CONSENT_REVOKED,CONSENT_REVOKED,CONSENT_REVOKED,CONSENT_REVOKED,CONSENT_REVOKED,CONSENT_REVOKED,CONSENT_REVOKED
662b5d912cdf40cc8eb97b89,661bd5d0de97527d1b151eb3,RETURNED,Not Applicable,2024-04-26T07:53:53.709000Z,,,2024-05-06T11:14:00.673304Z,,,13,CONSENT_REVOKED,CONSENT_REVOKED,CONSENT_REVOKED,CONSENT_REVOKED,CONSENT_REVOKED,CONSENT_REVOKED,CONSENT_REVOKED,CONSENT_REVOKED,CONSENT_REVOKED,CONSENT_REVOKED
662b5d96d911db355aef3f68,5c90f5eae2d9fb0011385c58,RETURNED,Not Applicable,2024-04-26T07:53:58.087000Z,,,2024-05-06T11:14:00.679466Z,,,499,CONSENT_REVOKED,CONSENT_REVOKED,CONSENT_REVOKED,CONSENT_REVOKED,CONSENT_REVOKED,CONSENT_REVOKED,CONSENT_REVOKED,CONSENT_REVOKED,CONSENT_REVOKED,CONSENT_REVOKED
662b5d9e61f4348c6adb9cc4,5bc0e02bf9c6980001a259c6,RETURNED,Not Applicable,2024-04-26T07:54:11.921000Z,,,2024-05-06T11:14:00.685551Z,,,198,CONSENT_REVOKED,CONSENT_REVOKED,CONSENT_REVOKED,CONSENT_REVOKED,CONSENT_REVOKED,CONSENT_REVOKED,CONSENT_REVOKED,CONSENT_REVOKED,CONSENT_REVOKED,CONSENT_REVOKED
662b5d9f0d36a359ff7b620c,65537df4293aa5ddf394f67c,RETURNED,Not Applicable,2024-04-26T07:54:12.747000Z,,,2024-05-06T11:14:00.689421Z,,,29,CONSENT_REVOKED,CONSENT_REVOKED,CONSENT_REVOKED,CONSENT_REVOKED,CONSENT_REVOKED,CONSENT_REVOKED,CONSENT_REVOKED,CONSENT_REVOKED,CONSENT_REVOKED,CONSENT_REVOKED
662b5da761f4348c6adb9cc7,60cfa6210e878af05a089060,APPROVED,Not Applicable,2024-04-26T07:54:23.377000Z,2024-04-26T08:27:26.093000Z,2024-04-29T20:54:43.286000Z,2024-04-26T08:28:12.640076Z,1983.0,CW8BWO89,145,Yes,29,Female,Black,South Africa,South Africa,South Africa,English,No,Full-Time
662b5da8165e5ee230e3235c,5daec9633990ed0014564662,APPROVED,Not Applicable,2024-04-26T07:54:16.350000Z,2024-04-26T08:04:03.486000Z,2024-04-29T20:54:43.449000Z,2024-04-26T08:05:33.132582Z,588.0,CW8BWO89,783,Yes,30,Female,White,Spain,Spain,Spain,Spanish,Yes,Unemployed (and job seeking)
662b5daaa61aad3db278c0aa,65b773ee2cd0520f38875a30,RETURNED,Not Applicable,2024-04-26T07:54:18.491000Z,,,2024-05-06T11:14:00.689517Z,,,69,CONSENT_REVOKED,CONSENT_REVOKED,CONSENT_REVOKED,CONSENT_REVOKED,CONSENT_REVOKED,CONSENT_REVOKED,CONSENT_REVOKED,CONSENT_REVOKED,CONSENT_REVOKED,CONSENT_REVOKED
662b5dad45ba0dcf4970117b,60d1c40555cffd8ba5a3587e,APPROVED,Not Applicable,2024-04-26T07:55:23.982000Z,2024-04-26T08:11:38.300000Z,2024-04-29T20:54:43.657000Z,2024-04-26T08:11:38.764856Z,975.0,CW8BWO89,363,Yes,34,Female,Asian,South Africa,South Africa,South Africa,English,DATA_EXPIRED,DATA_EXPIRED
662b5db430734c45e8fe599b,612b3134d6e373bd9f73afbf,APPROVED,Not Applicable,2024-04-26T07:56:38.870000Z,2024-04-26T08:18:05.093000Z,2024-04-29T20:54:43.868000Z,2024-04-26T08:18:05.896549Z,1287.0,CW8BWO89,137,Yes,24,Female,Black,South Africa,South Africa,South Africa,English,Yes,Full-Time
662b5db6ac3ed19deff0ddc4,5bd1d56694403600013e2b0b,RETURNED,Not Applicable,2024-04-26T07:54:30.966000Z,,,2024-05-06T11:14:00.693911Z,,,563,CONSENT_REVOKED,CONSENT_REVOKED,CONSENT_REVOKED,CONSENT_REVOKED,CONSENT_REVOKED,CONSENT_REVOKED,CONSENT_REVOKED,CONSENT_REVOKED,CONSENT_REVOKED,CONSENT_REVOKED
662b5db6fce6a3e926423a42,611d29c77b77fb411079a3df,RETURNED,Not Applicable,2024-04-26T07:56:38.744000Z,,,2024-05-06T11:14:00.694013Z,,,208,CONSENT_REVOKED,CONSENT_REVOKED,CONSENT_REVOKED,CONSENT_REVOKED,CONSENT_REVOKED,CONSENT_REVOKED,CONSENT_REVOKED,CONSENT_REVOKED,CONSENT_REVOKED,CONSENT_REVOKED
662b5dca94348997711fbb5a,5c69824b98f65b0001353794,RETURNED,Not Applicable,2024-04-26T08:04:50.457000Z,,,2024-05-06T11:14:00.697138Z,,,597,CONSENT_REVOKED,CONSENT_REVOKED,CONSENT_REVOKED,CONSENT_REVOKED,CONSENT_REVOKED,CONSENT_REVOKED,CONSENT_REVOKED,CONSENT_REVOKED,CONSENT_REVOKED,CONSENT_REVOKED
662b5dd6f2b3359dcf53a30b,60f1d99a67bc1538a6dadc94,RETURNED,Not Applicable,2024-04-26T07:55:58.768000Z,,,2024-05-06T11:14:00.705603Z,,,508,CONSENT_REVOKED,CONSENT_REVOKED,CONSENT_REVOKED,CONSENT_REVOKED,CONSENT_REVOKED,CONSENT_REVOKED,CONSENT_REVOKED,CONSENT_REVOKED,CONSENT_REVOKED,CONSENT_REVOKED
662b5dd7d009476b7adb39eb,5edad7d6f848291823c5f99c,APPROVED,Not Applicable,2024-04-26T07:55:03.792000Z,2024-04-26T08:20:14.969000Z,2024-04-29T20:54:44.064000Z,2024-04-26T08:20:15.437479Z,1512.0,CW8BWO89,323,Yes,23,Female,White,Poland,Poland,Poland,Polish,No,Unemployed (and job seeking)
662b5ddbe7ba4d8175762c62,603e0fefed5529d4b14e3546,RETURNED,Not Applicable,2024-04-26T08:05:07.048000Z,,,2024-05-06T11:14:00.712186Z,,,332,CONSENT_REVOKED,CONSENT_REVOKED,CONSENT_REVOKED,CONSENT_REVOKED,CONSENT_REVOKED,CONSENT_REVOKED,CONSENT_REVOKED,CONSENT_REVOKED,CONSENT_REVOKED,CONSENT_REVOKED
662b5de0b7bf046542a44560,56ebadebcdfa81000d9e2b67,APPROVED,Not Applicable,2024-04-26T07:55:12.394000Z,2024-04-26T08:12:40.510000Z,2024-04-29T20:54:44.234000Z,2024-04-26T08:12:40.998019Z,1049.0,CW8BWO89,2011,Yes,34,Female,Mixed,Canada,Canada,Canada,English,No,Full-Time
662b5de930734c45e8fe59d1,65de0a72fbc3bd908e63fbe5,APPROVED,Not Applicable,2024-04-26T07:55:21.673000Z,2024-04-26T08:05:40.368000Z,2024-04-29T20:54:44.412000Z,2024-04-26T08:05:51.143526Z,619.0,CW8BWO89,35,Yes,22,Male,White,Belgium,Belgium,Belgium,Dutch,Yes,Full-Time
662b5dea4f25556061921604,589630d22a697d0001cfca12,RETURNED,Not Applicable,2024-04-26T07:56:48.292000Z,,,2024-05-06T11:14:00.717413Z,,,1325,CONSENT_REVOKED,CONSENT_REVOKED,CONSENT_REVOKED,CONSENT_REVOKED,CONSENT_REVOKED,CONSENT_REVOKED,CONSENT_REVOKED,CONSENT_REVOKED,CONSENT_REVOKED,CONSENT_REVOKED
662b5dedfce6a3e926423a4a,65032a60861e9a17bc1a7444,REJECTED,Not Applicable,2024-04-26T07:55:25.730000Z,2024-04-26T08:28:30.933000Z,2024-04-29T20:57:42.893000Z,2024-05-06T11:14:00.717099Z,1986.0,NOCODE,14,CONSENT_REVOKED,CONSENT_REVOKED,CONSENT_REVOKED,CONSENT_REVOKED,CONSENT_REVOKED,CONSENT_REVOKED,CONSENT_REVOKED,CONSENT_REVOKED,CONSENT_REVOKED,CONSENT_REVOKED
662b5def2cdf40cc8eb97bc2,5fc2c54dbd472f1cb5a330aa,RETURNED,Not Applicable,2024-04-26T08:05:27.383000Z,,,2024-05-06T11:14:00.722794Z,,,139,CONSENT_REVOKED,CONSENT_REVOKED,CONSENT_REVOKED,CONSENT_REVOKED,CONSENT_REVOKED,CONSENT_REVOKED,CONSENT_REVOKED,CONSENT_REVOKED,CONSENT_REVOKED,CONSENT_REVOKED
662b5df0e3ee5075517b6021,6166c33cecfba0a5b5178c70,RETURNED,Not Applicable,2024-04-26T08:05:28.850000Z,,,2024-05-06T11:14:00.728210Z,,,115,CONSENT_REVOKED,CONSENT_REVOKED,CONSENT_REVOKED,CONSENT_REVOKED,CONSENT_REVOKED,CONSENT_REVOKED,CONSENT_REVOKED,CONSENT_REVOKED,CONSENT_REVOKED,CONSENT_REVOKED
662b5df4c62ac442659bcfbf,5ea93d40fb690101aa21e97a,RETURNED,Not Applicable,2024-04-26T07:55:32.340000Z,,,2024-05-06T11:14:00.729358Z,,,608,CONSENT_REVOKED,CONSENT_REVOKED,CONSENT_REVOKED,CONSENT_REVOKED,CONSENT_REVOKED,CONSENT_REVOKED,CONSENT_REVOKED,CONSENT_REVOKED,CONSENT_REVOKED,CONSENT_REVOKED
662b5df670b9410fe79bd7fe,609ea6976e377c8f9f77759a,APPROVED,Not Applicable,2024-04-26T07:55:34.473000Z,2024-04-26T08:16:42.880000Z,2024-04-29T20:54:44.618000Z,2024-04-26T08:17:15.112784Z,1269.0,CW8BWO89,484,Yes,23,Female,White,Poland,Poland,Poland,Polish,Yes,Full-Time
662b5df7ac3ed19deff0ddd7,5fd7d4f8af92d60984a56d23,RETURNED,Not Applicable,2024-04-26T07:56:31.700000Z,,,2024-05-06T11:14:00.734943Z,,,19,CONSENT_REVOKED,CONSENT_REVOKED,CONSENT_REVOKED,CONSENT_REVOKED,CONSENT_REVOKED,CONSENT_REVOKED,CONSENT_REVOKED,CONSENT_REVOKED,CONSENT_REVOKED,CONSENT_REVOKED
662b5df8ae206f5beb38da78,6035df9a667e939fb20a44ac,REJECTED,Not Applicable,2024-04-26T07:55:36.749000Z,2024-04-26T08:43:23.013000Z,2024-04-29T20:58:44.197000Z,2024-05-06T11:14:00.737131Z,2867.0,CW8BWO89,206,CONSENT_REVOKED,CONSENT_REVOKED,CONSENT_REVOKED,CONSENT_REVOKED,CONSENT_REVOKED,CONSENT_REVOKED,CONSENT_REVOKED,CONSENT_REVOKED,CONSENT_REVOKED,CONSENT_REVOKED
662b5df8d009476b7adb3a1f,616c5387784afe4b70a34de7,APPROVED,Not Applicable,2024-04-26T07:55:36.292000Z,2024-04-26T08:10:04.889000Z,2024-04-29T20:54:44.795000Z,2024-04-26T08:10:05.367834Z,869.0,CW8BWO89,126,Yes,22,Female,White,South Africa,South Africa,South Africa,English,DATA_EXPIRED,DATA_EXPIRED
662b5dfb30734c45e8fe59d7,5e5ba8c45cd2ad38c93ca999,APPROVED,Not Applicable,2024-04-26T07:55:39.465000Z,2024-04-26T08:26:46.600000Z,2024-04-29T20:54:44.966000Z,2024-04-26T08:27:54.118466Z,1868.0,CW8BWO89,797,Yes,28,Male,White,Portugal,Portugal,Portugal,Portuguese,No,Full-Time
662b5dfe94d019f2cde32759,5f09d989eff16b266fba44c0,RETURNED,Not Applicable,2024-04-26T07:55:42.925000Z,,,2024-05-06T11:14:00.737600Z,,,695,CONSENT_REVOKED,CONSENT_REVOKED,CONSENT_REVOKED,CONSENT_REVOKED,CONSENT_REVOKED,CONSENT_REVOKED,CONSENT_REVOKED,CONSENT_REVOKED,CONSENT_REVOKED,CONSENT_REVOKED
662b5e045f905e51a11fc004,66262b3e3e3f75131c582f35,RETURNED,Not Applicable,2024-04-26T07:55:56.198000Z,2024-04-26T07:57:17.105000Z,,2024-05-06T11:14:00.744649Z,,66262b3e3e3f75131c582f35,4,CONSENT_REVOKED,CONSENT_REVOKED,CONSENT_REVOKED,CONSENT_REVOKED,CONSENT_REVOKED,CONSENT_REVOKED,CONSENT_REVOKED,CONSENT_REVOKED,CONSENT_REVOKED,CONSENT_REVOKED
662b5e08b7bf046542a4456a,5fa670417aaa09285126c6b9,APPROVED,Not Applicable,2024-04-26T07:58:09.052000Z,2024-04-26T09:25:37.465000Z,2024-04-29T20:54:45.151000Z,2024-04-26T09:28:28.968393Z,5249.0,CW8BWO89,514,Yes,27,Male,Black,South Africa,South Africa,South Africa,English,No,Part-Time
662b5e092ef6b46152f2734c,5fda95fd9df7fa2b164bed61,APPROVED,Not Applicable,2024-04-26T07:57:34.759000Z,2024-04-26T08:16:03.193000Z,2024-04-29T20:54:45.358000Z,2024-04-26T08:17:09.896239Z,1109.0,CW8BWO89,473,Yes,21,Male,White,Estonia,Latvia,Latvia,Latvian,No,Full-Time
662b5e161c7a141823cddef1,65a53f52a8e15bf1de72f9fe,APPROVED,Not Applicable,2024-04-26T07:56:06.578000Z,2024-04-26T08:28:35.941000Z,2024-04-29T20:54:45.614000Z,2024-04-26T08:28:36.433335Z,1950.0,CW8BWO89,56,Yes,54,Female,Black,South Africa,South Africa,South Africa,English,No,Full-Time
662b5e1eb34c79563ddba349,5fb3fcb82df261033a5f6e0e,APPROVED,Not Applicable,2024-04-26T07:56:14.586000Z,2024-04-26T08:28:22.661000Z,2024-04-29T20:54:45.843000Z,2024-04-26T08:28:29.205946Z,1929.0,CW8BWO89,436,Yes,21,Male,White,Poland,Poland,Poland,Polish,DATA_EXPIRED,DATA_EXPIRED
662b5e20ae206f5beb38da7f,5ef17db9225ac500093b525a,RETURNED,Not Applicable,2024-04-26T07:56:43.139000Z,,,2024-05-06T11:14:00.739888Z,,,154,CONSENT_REVOKED,CONSENT_REVOKED,CONSENT_REVOKED,CONSENT_REVOKED,CONSENT_REVOKED,CONSENT_REVOKED,CONSENT_REVOKED,CONSENT_REVOKED,CONSENT_REVOKED,CONSENT_REVOKED
662b5e2229d54d061c001a89,5e8228e861db52053a287496,RETURNED,Not Applicable,2024-04-26T07:56:18.882000Z,,,2024-05-06T11:14:00.745159Z,,,166,CONSENT_REVOKED,CONSENT_REVOKED,CONSENT_REVOKED,CONSENT_REVOKED,CONSENT_REVOKED,CONSENT_REVOKED,CONSENT_REVOKED,CONSENT_REVOKED,CONSENT_REVOKED,CONSENT_REVOKED
662b5e252cdf40cc8eb97bce,612d16ff90c1ff5cff902e18,APPROVED,Not Applicable,2024-04-26T07:56:21.304000Z,2024-04-26T08:39:30.114000Z,2024-04-29T20:54:46.036000Z,2024-04-26T08:41:31.486228Z,2589.0,CW8BWO89,357,Yes,44,Female,Mixed,South Africa,South Africa,South Africa,English,DATA_EXPIRED,DATA_EXPIRED
662b5e2af2bc1a23548170ac,60d43bf6fb7d47dfd6a353a2,RETURNED,Not Applicable,2024-04-26T07:56:26.078000Z,,,2024-05-06T11:14:00.748295Z,,,199,CONSENT_REVOKED,CONSENT_REVOKED,CONSENT_REVOKED,CONSENT_REVOKED,CONSENT_REVOKED,CONSENT_REVOKED,CONSENT_REVOKED,CONSENT_REVOKED,CONSENT_REVOKED,CONSENT_REVOKED
662b5e3151515fae1a3f9eac,611e9edc36412a2229340a0d,RETURNED,Not Applicable,2024-04-26T08:06:33.307000Z,,,2024-05-06T11:14:00.751921Z,,,393,CONSENT_REVOKED,CONSENT_REVOKED,CONSENT_REVOKED,CONSENT_REVOKED,CONSENT_REVOKED,CONSENT_REVOKED,CONSENT_REVOKED,CONSENT_REVOKED,CONSENT_REVOKED,CONSENT_REVOKED
662b5e37ac8ae6e1d092ac54,655779cc52010a3963da539d,RETURNED,Not Applicable,2024-04-26T07:58:37.587000Z,,,2024-05-06T11:14:00.755244Z,,,123,CONSENT_REVOKED,CONSENT_REVOKED,CONSENT_REVOKED,CONSENT_REVOKED,CONSENT_REVOKED,CONSENT_REVOKED,CONSENT_REVOKED,CONSENT_REVOKED,CONSENT_REVOKED,CONSENT_REVOKED
662b5e3cfaa704f8b8816f98,5d31c6bac88f0e00164c3ccb,RETURNED,Not Applicable,2024-04-26T08:06:44.152000Z,,,2024-05-06T11:14:00.758343Z,,,1017,CONSENT_REVOKED,CONSENT_REVOKED,CONSENT_REVOKED,CONSENT_REVOKED,CONSENT_REVOKED,CONSENT_REVOKED,CONSENT_REVOKED,CONSENT_REVOKED,CONSENT_REVOKED,CONSENT_REVOKED
662b5e4048f84b68f678ba6c,615da6ef136d2d771b3efee0,RETURNED,Not Applicable,2024-04-26T07:56:48.228000Z,,,2024-05-06T11:14:00.758515Z,,,191,CONSENT_REVOKED,CONSENT_REVOKED,CONSENT_REVOKED,CONSENT_REVOKED,CONSENT_REVOKED,CONSENT_REVOKED,CONSENT_REVOKED,CONSENT_REVOKED,CONSENT_REVOKED,CONSENT_REVOKED
662b5e417d5a54324d586817,661fdfd33dfe00cbf53aca75,RETURNED,Not Applicable,2024-04-26T07:56:56.277000Z,,,2024-05-06T11:14:00.763769Z,,,7,CONSENT_REVOKED,CONSENT_REVOKED,CONSENT_REVOKED,CONSENT_REVOKED,CONSENT_REVOKED,CONSENT_REVOKED,CONSENT_REVOKED,CONSENT_REVOKED,CONSENT_REVOKED,CONSENT_REVOKED
662b5e4229d54d061c001a96,61574e3de0229e6bb92368c2,APPROVED,Not Applicable,2024-04-26T07:56:50.650000Z,2024-04-26T08:35:12.738000Z,2024-04-29T20:54:46.219000Z,2024-04-26T08:35:13.587001Z,2303.0,CW8BWO89,181,Yes,21,Female,Black,South Africa,South Africa,South Africa,English,Yes,Other
662b5e43d009476b7adb3a48,5c53ef4f26a39500019719b4,APPROVED,Not Applicable,2024-04-26T07:56:51.379000Z,2024-04-26T08:10:45.328000Z,2024-04-29T20:54:46.405000Z,2024-04-26T08:10:45.838552Z,834.0,CW8BWO89,713,Yes,31,Male,White,Portugal,Portugal,Portugal,Portuguese,No,Full-Time
662b5e445288195774b3127d,657bd47cdd8ce6a5aadd4c69,APPROVED,Not Applicable,2024-04-26T07:56:52.031000Z,2024-04-26T08:24:46.883000Z,2024-04-29T20:54:46.679000Z,2024-04-26T08:26:48.347181Z,1675.0,CW8BWO89,30,Yes,30,Male,Black,South Africa,South Africa,South Africa,Other,Yes,Part-Time
662b5e4e47bcb7407e38d850,603cd9dda3d28fac931d45e5,APPROVED,Not Applicable,2024-04-26T07:57:06.276000Z,2024-04-26T08:13:57.876000Z,2024-04-29T20:54:46.873000Z,2024-04-26T08:16:30.911731Z,1012.0,CW8BWO89,124,Yes,21,Female,White,Portugal,Portugal,Portugal,Portuguese,Yes,Unemployed (and job seeking)
662b5e52641608d393db4041,5e56a5416589e605ffda2972,RETURNED,Not Applicable,2024-04-26T08:07:06.483000Z,,,2024-05-06T11:14:00.767302Z,,,145,CONSENT_REVOKED,CONSENT_REVOKED,CONSENT_REVOKED,CONSENT_REVOKED,CONSENT_REVOKED,CONSENT_REVOKED,CONSENT_REVOKED,CONSENT_REVOKED,CONSENT_REVOKED,CONSENT_REVOKED
662b5e5376bbea3fdcb97370,611c5d79bfc8b929093b0506,APPROVED,Not Applicable,2024-04-26T07:57:12.892000Z,2024-04-26T08:22:31.602000Z,2024-04-29T20:54:47.042000Z,2024-04-26T08:22:32.088540Z,1519.0,CW8BWO89,208,Yes,26,Female,Black,South Africa,South Africa,South Africa,English,Yes,Full-Time
662b5e5594d019f2cde32768,64cbaeb4548e5610b82c1961,RETURNED,Not Applicable,2024-04-26T07:57:09.094000Z,,,2024-05-06T11:14:00.767705Z,,,27,CONSENT_REVOKED,CONSENT_REVOKED,CONSENT_REVOKED,CONSENT_REVOKED,CONSENT_REVOKED,CONSENT_REVOKED,CONSENT_REVOKED,CONSENT_REVOKED,CONSENT_REVOKED,CONSENT_REVOKED
662b5e5920f84729db42149b,6141cd534c8a98741eb01942,RETURNED,Not Applicable,2024-04-26T07:57:13.995000Z,,,2024-05-06T11:14:00.779786Z,,,651,CONSENT_REVOKED,CONSENT_REVOKED,CONSENT_REVOKED,CONSENT_REVOKED,CONSENT_REVOKED,CONSENT_REVOKED,CONSENT_REVOKED,CONSENT_REVOKED,CONSENT_REVOKED,CONSENT_REVOKED
662b5e5b76bbea3fdcb97373,60de9ea0f8390af1bfa02e6c,RETURNED,Not Applicable,2024-04-26T08:07:15.695000Z,,,2024-05-06T11:14:00.778894Z,,,274,CONSENT_REVOKED,CONSENT_REVOKED,CONSENT_REVOKED,CONSENT_REVOKED,CONSENT_REVOKED,CONSENT_REVOKED,CONSENT_REVOKED,CONSENT_REVOKED,CONSENT_REVOKED,CONSENT_REVOKED
662b5e5de394d3bb9d38f547,65e48bfb93915b354fa3b66b,APPROVED,Not Applicable,2024-04-26T07:57:28.367000Z,2024-04-26T08:24:17.507000Z,2024-04-29T20:54:47.221000Z,2024-04-26T08:24:18.129159Z,1610.0,CW8BWO89,28,Yes,30,Female,Mixed,South Africa,South Africa,South Africa,English,Yes,Part-Time
662b5e62641608d393db4047,5e725ffbe52a231ab23635b2,RETURNED,Not Applicable,2024-04-26T07:57:36.805000Z,,,2024-05-06T11:14:00.789850Z,,,10,CONSENT_REVOKED,CONSENT_REVOKED,CONSENT_REVOKED,CONSENT_REVOKED,CONSENT_REVOKED,CONSENT_REVOKED,CONSENT_REVOKED,CONSENT_REVOKED,CONSENT_REVOKED,CONSENT_REVOKED
662b5e6747bcb7407e38d856,5e9f3b738bee310bed8379ad,APPROVED,Not Applicable,2024-04-26T07:57:27.017000Z,2024-04-26T08:12:31.219000Z,2024-04-29T20:54:47.385000Z,2024-04-26T08:12:31.707851Z,905.0,CW8BWO89,366,Yes,26,Female,White,Spain,Spain,Spain,Basque,Yes,Unemployed (and job seeking)
662b5e68c85ceb4110eb1ed6,65ddec4ce8c0b18582e05517,APPROVED,Not Applicable,2024-04-26T07:57:36.202000Z,2024-04-26T08:18:17.532000Z,2024-04-29T20:54:47.577000Z,2024-04-26T08:18:18.050378Z,1242.0,CW8BWO89,26,Yes,29,Female,Black,Cameroon,France,Cameroon,English,No,Due to start a new job within the next month
662b5e68f2bc1a23548170c3,5c76c184719aaf00019ff241,RETURNED,Not Applicable,2024-04-26T08:04:34.842000Z,,,2024-05-06T11:14:00.789928Z,,,185,CONSENT_REVOKED,CONSENT_REVOKED,CONSENT_REVOKED,CONSENT_REVOKED,CONSENT_REVOKED,CONSENT_REVOKED,CONSENT_REVOKED,CONSENT_REVOKED,CONSENT_REVOKED,CONSENT_REVOKED
662b5e6b45ba0dcf497011c7,64afcd57bc2f8d404766bbeb,RETURNED,Not Applicable,2024-04-26T07:57:31.421000Z,,,2024-05-06T11:14:00.797649Z,,,93,CONSENT_REVOKED,CONSENT_REVOKED,CONSENT_REVOKED,CONSENT_REVOKED,CONSENT_REVOKED,CONSENT_REVOKED,CONSENT_REVOKED,CONSENT_REVOKED,CONSENT_REVOKED,CONSENT_REVOKED
662b5e7a2e59ce6f8e617bf4,5db35f3fe6208e000af26586,RETURNED,Not Applicable,2024-04-26T08:07:46.873000Z,,,2024-05-06T11:14:00.804886Z,,,149,CONSENT_REVOKED,CONSENT_REVOKED,CONSENT_REVOKED,CONSENT_REVOKED,CONSENT_REVOKED,CONSENT_REVOKED,CONSENT_REVOKED,CONSENT_REVOKED,CONSENT_REVOKED,CONSENT_REVOKED
662b5e89d009476b7adb3a5f,5f2efac9dc9a4e2be539b5d5,APPROVED,Not Applicable,2024-04-26T07:58:04.130000Z,2024-04-26T08:08:29.689000Z,2024-04-29T20:54:47.742000Z,2024-04-26T08:08:30.244975Z,626.0,CW8BWO89,207,Yes,30,Male,White,Hungary,Hungary,Hungary,Hungarian,DATA_EXPIRED,DATA_EXPIRED
662b5e90a892369668d6edb6,5e39cf6d0331aa07667a58ae,RETURNED,Not Applicable,2024-04-26T07:58:13.616000Z,,,2024-05-06T11:14:00.806023Z,,,360,CONSENT_REVOKED,CONSENT_REVOKED,CONSENT_REVOKED,CONSENT_REVOKED,CONSENT_REVOKED,CONSENT_REVOKED,CONSENT_REVOKED,CONSENT_REVOKED,CONSENT_REVOKED,CONSENT_REVOKED
662b5e9a9ac365443f58682b,5ba8cac81299c60001e6701d,APPROVED,Not Applicable,2024-04-26T07:58:18.465000Z,2024-04-26T08:04:40.657000Z,2024-04-29T20:54:47.924000Z,2024-04-26T08:05:40.039324Z,383.0,CW8BWO89,816,Yes,34,Male,White,Greece,Greece,Greece,Greek,No,Full-Time
662b5e9be7ba4d8175762ca7,6564a1d715b194ac6466d177,APPROVED,Not Applicable,2024-04-26T07:58:22.947000Z,2024-04-26T08:41:46.038000Z,2024-04-29T20:54:48.162000Z,2024-04-26T08:42:19.223126Z,2604.0,CW8BWO89,64,Yes,26,Male,White,Portugal,Portugal,Portugal,Portuguese,No,Full-Time
662b5eaff39a38150f799875,65b26a0d5ae1ede0b3be4248,APPROVED,Not Applicable,2024-04-26T07:58:48.633000Z,2024-04-26T08:37:59.718000Z,2024-04-29T20:54:48.476000Z,2024-04-26T08:38:01.483310Z,2352.0,CW8BWO89,23,Yes,22,Female,Black,South Africa,South Africa,South Africa,English,No,Full-Time
662b5eb8a1d93331c1ff3fe9,60d9dfd4dcc09cf57dc92cb1,APPROVED,Not Applicable,2024-04-26T07:58:48.487000Z,2024-04-26T08:32:02.649000Z,2024-04-29T20:54:48.678000Z,2024-04-26T08:32:03.197069Z,1995.0,CW8BWO89,453,Yes,23,Female,Black,South Africa,France,South Africa,English,DATA_EXPIRED,DATA_EXPIRED
662b5eec5f7b6802ee3540f7,616845bb92b48e8c6a18a84a,APPROVED,Not Applicable,2024-04-26T08:00:27.769000Z,2024-04-26T08:53:43.903000Z,2024-04-29T20:54:48.880000Z,2024-04-26T08:53:51.281117Z,3197.0,CW8BWO89,141,Yes,25,Male,Black,South Africa,South Africa,South Africa,English,DATA_EXPIRED,Full-Time
662b5f33393b3061d52edfad,651c425a4fd558465d846c57,APPROVED,Not Applicable,2024-04-26T08:07:35.429000Z,2024-04-26T08:35:07.086000Z,2024-04-29T20:54:49.127000Z,2024-04-26T08:35:07.879442Z,1652.0,CW8BWO89,90,Yes,27,Female,Mixed,South Africa,South Africa,South Africa,English,Yes,Other
662b5f4dd911db355aef3fe8,64c8eb1ac199f433b0db2ab5,APPROVED,Not Applicable,2024-04-26T08:01:32.621000Z,2024-04-26T08:26:44.727000Z,2024-04-29T20:54:49.307000Z,2024-04-26T08:27:53.503490Z,1513.0,CW8BWO89,61,Yes,31,Female,Black,South Africa,South Africa,South Africa,English,Yes,Part-Time
662b5f4e51515fae1a3f9eee,613ef4d99993c6d01d3eb04a,APPROVED,Not Applicable,2024-04-26T08:01:18.528000Z,2024-04-26T08:10:29.917000Z,2024-04-29T20:54:49.482000Z,2024-04-26T08:10:30.469616Z,552.0,CW8BWO89,77,Yes,27,Female,Black,Zimbabwe,South Africa,Zimbabwe,English,Yes,Full-Time
662b5f5747e2e94fd278a69a,5ea0ab674e66b409a8bf6b2f,RETURNED,Not Applicable,2024-04-26T08:01:27.913000Z,,,2024-05-06T11:14:00.811610Z,,,296,CONSENT_REVOKED,CONSENT_REVOKED,CONSENT_REVOKED,CONSENT_REVOKED,CONSENT_REVOKED,CONSENT_REVOKED,CONSENT_REVOKED,CONSENT_REVOKED,CONSENT_REVOKED,CONSENT_REVOKED
662b5f6076bbea3fdcb973a5,659570316debdec4ed9f663e,APPROVED,Not Applicable,2024-04-26T08:01:43.658000Z,2024-04-26T08:10:03.998000Z,2024-04-29T20:54:49.914000Z,2024-04-26T08:10:04.526324Z,501.0,CW8BWO89,87,Yes,33,Female,Other,Mexico,Netherlands,Mexico,Spanish,Yes,Part-Time
662b5f79641608d393db4084,648868e5d8e551227bf5da02,APPROVED,Not Applicable,2024-04-26T08:02:07.078000Z,2024-04-26T08:37:58.005000Z,2024-04-29T20:54:50.097000Z,2024-04-26T08:37:58.644165Z,2151.0,CW8BWO89,138,Yes,33,Female,Mixed,South Africa,South Africa,South Africa,English,No,Full-Time
662b5f7bd42b6f642b92abde,611e20464a435b1b494f042d,APPROVED,Not Applicable,2024-04-26T08:02:03.656000Z,2024-04-26T08:38:52.784000Z,2024-04-29T20:54:50.295000Z,2024-04-26T08:41:20.543414Z,2210.0,CW8BWO89,567,Yes,32,Male,Black,South Africa,South Africa,South Africa,English,No,Full-Time
662b5f8d1ca7dab1b515cd88,6162880049080f2ea6faa08e,REJECTED,Not Applicable,2024-04-26T08:02:30.213000Z,2024-04-26T08:31:20.563000Z,2024-04-29T21:01:21.403000Z,2024-05-06T11:14:00.815873Z,1731.0,CW8BWO89,93,CONSENT_REVOKED,CONSENT_REVOKED,CONSENT_REVOKED,CONSENT_REVOKED,CONSENT_REVOKED,CONSENT_REVOKED,CONSENT_REVOKED,CONSENT_REVOKED,CONSENT_REVOKED,CONSENT_REVOKED
662b5f9c4f25556061921655,6543af5ffb1aa57dd5253d88,RETURNED,Not Applicable,2024-04-26T08:02:36.329000Z,,,2024-05-06T11:14:00.822779Z,,,154,CONSENT_REVOKED,CONSENT_REVOKED,CONSENT_REVOKED,CONSENT_REVOKED,CONSENT_REVOKED,CONSENT_REVOKED,CONSENT_REVOKED,CONSENT_REVOKED,CONSENT_REVOKED,CONSENT_REVOKED
662b5fe05f0caea5fb53cafe,5bf9881e1eafa5000110c99a,RETURNED,Not Applicable,2024-04-26T08:04:22.851000Z,,,2024-05-06T11:14:00.826985Z,,,827,CONSENT_REVOKED,CONSENT_REVOKED,CONSENT_REVOKED,CONSENT_REVOKED,CONSENT_REVOKED,CONSENT_REVOKED,CONSENT_REVOKED,CONSENT_REVOKED,CONSENT_REVOKED,CONSENT_REVOKED
662b601117e80f67a7928a9b,5e3b5fa9255e7a37bc841135,RETURNED,Not Applicable,2024-04-26T08:14:33.023000Z,,,2024-05-06T11:14:00.830281Z,,,1273,CONSENT_REVOKED,CONSENT_REVOKED,CONSENT_REVOKED,CONSENT_REVOKED,CONSENT_REVOKED,CONSENT_REVOKED,CONSENT_REVOKED,CONSENT_REVOKED,CONSENT_REVOKED,CONSENT_REVOKED
662b60c7dbbb36bcef615941,6041603b2c6bef134fb99043,RETURNED,Not Applicable,2024-04-26T08:07:40.831000Z,,,2024-05-06T11:14:00.830977Z,,,532,CONSENT_REVOKED,CONSENT_REVOKED,CONSENT_REVOKED,CONSENT_REVOKED,CONSENT_REVOKED,CONSENT_REVOKED,CONSENT_REVOKED,CONSENT_REVOKED,CONSENT_REVOKED,CONSENT_REVOKED
662b60d764c69addf93f7b21,61278ed955c9c0f27457ae1b,REJECTED,Not Applicable,2024-04-26T08:08:22.329000Z,2024-04-26T08:52:16.638000Z,2024-04-29T21:01:43.371000Z,2024-05-06T11:14:00.836387Z,2635.0,CW8BWO89,496,CONSENT_REVOKED,CONSENT_REVOKED,CONSENT_REVOKED,CONSENT_REVOKED,CONSENT_REVOKED,CONSENT_REVOKED,CONSENT_REVOKED,CONSENT_REVOKED,CONSENT_REVOKED,CONSENT_REVOKED
662b60dcdbbb36bcef615948,658056367b094e578caa1eba,RETURNED,Not Applicable,2024-04-26T08:09:09.019000Z,,,2024-05-06T11:14:00.841613Z,,,85,CONSENT_REVOKED,CONSENT_REVOKED,CONSENT_REVOKED,CONSENT_REVOKED,CONSENT_REVOKED,CONSENT_REVOKED,CONSENT_REVOKED,CONSENT_REVOKED,CONSENT_REVOKED,CONSENT_REVOKED
662b61115f374cacbb12fdf7,5c7e388fffd1190017be7f83,RETURNED,Not Applicable,2024-04-26T08:08:49.117000Z,,,2024-05-06T11:14:00.849700Z,,,942,CONSENT_REVOKED,CONSENT_REVOKED,CONSENT_REVOKED,CONSENT_REVOKED,CONSENT_REVOKED,CONSENT_REVOKED,CONSENT_REVOKED,CONSENT_REVOKED,CONSENT_REVOKED,CONSENT_REVOKED
662b61241271b2920979ba3f,60dbd9e4f38631ec3581c746,RETURNED,Not Applicable,2024-04-26T08:09:23.992000Z,,,2024-05-06T11:14:00.852239Z,,,714,CONSENT_REVOKED,CONSENT_REVOKED,CONSENT_REVOKED,CONSENT_REVOKED,CONSENT_REVOKED,CONSENT_REVOKED,CONSENT_REVOKED,CONSENT_REVOKED,CONSENT_REVOKED,CONSENT_REVOKED
662b612829d54d061c001ba4,65b901e65cee5e1f493a2fe1,RETURNED,Not Applicable,2024-04-26T08:09:12.712000Z,,,2024-05-06T11:14:00.869712Z,,,85,CONSENT_REVOKED,CONSENT_REVOKED,CONSENT_REVOKED,CONSENT_REVOKED,CONSENT_REVOKED,CONSENT_REVOKED,CONSENT_REVOKED,CONSENT_REVOKED,CONSENT_REVOKED,CONSENT_REVOKED
662b6129641608d393db40fd,6165bf9074ec655785050d87,REJECTED,Not Applicable,2024-04-26T08:11:35.325000Z,2024-04-26T08:38:35.407000Z,2024-04-29T21:03:09.553000Z,2024-05-06T11:14:00.883663Z,1621.0,CW8BWO89,162,CONSENT_REVOKED,CONSENT_REVOKED,CONSENT_REVOKED,CONSENT_REVOKED,CONSENT_REVOKED,CONSENT_REVOKED,CONSENT_REVOKED,CONSENT_REVOKED,CONSENT_REVOKED,CONSENT_REVOKED
662b613e21267c048ec566d8,5e8b11aaa9b690000bb6ae1f,RETURNED,Not Applicable,2024-04-26T08:09:37.686000Z,,,2024-05-06T11:14:00.921345Z,,,722,CONSENT_REVOKED,CONSENT_REVOKED,CONSENT_REVOKED,CONSENT_REVOKED,CONSENT_REVOKED,CONSENT_REVOKED,CONSENT_REVOKED,CONSENT_REVOKED,CONSENT_REVOKED,CONSENT_REVOKED
662b61865f7b6802ee3541ad,65b91010b2ea4aefcdc5900e,RETURNED,Not Applicable,2024-04-26T08:10:46.901000Z,,,2024-05-06T11:14:00.934349Z,,,55,CONSENT_REVOKED,CONSENT_REVOKED,CONSENT_REVOKED,CONSENT_REVOKED,CONSENT_REVOKED,CONSENT_REVOKED,CONSENT_REVOKED,CONSENT_REVOKED,CONSENT_REVOKED,CONSENT_REVOKED
662b618e180da4a4e1eb4351,614775c6f329a9e5ab190e04,APPROVED,Not Applicable,2024-04-26T08:10:56.647000Z,2024-04-26T09:20:19.347000Z,2024-04-29T20:54:50.494000Z,2024-04-26T09:20:19.886313Z,4163.0,CW8BWO89,418,Yes,27,Male,White,Portugal,Portugal,Portugal,Portuguese,No,Full-Time
662b61d747bcb7407e38d934,60d6279a19b3df8462265340,RETURNED,Not Applicable,2024-04-26T08:13:19.900000Z,,,2024-05-06T11:14:00.937753Z,,,266,CONSENT_REVOKED,CONSENT_REVOKED,CONSENT_REVOKED,CONSENT_REVOKED,CONSENT_REVOKED,CONSENT_REVOKED,CONSENT_REVOKED,CONSENT_REVOKED,CONSENT_REVOKED,CONSENT_REVOKED
662b61eae3ee5075517b618d,616dc333dc51cae13e5c21fc,REJECTED,Not Applicable,2024-04-26T08:19:07.173000Z,2024-04-26T09:44:27.418000Z,2024-04-29T21:03:33.147000Z,2024-05-06T11:14:00.972163Z,5121.0,CW8BWO89,381,CONSENT_REVOKED,CONSENT_REVOKED,CONSENT_REVOKED,CONSENT_REVOKED,CONSENT_REVOKED,CONSENT_REVOKED,CONSENT_REVOKED,CONSENT_REVOKED,CONSENT_REVOKED,CONSENT_REVOKED
662b622176bbea3fdcb97461,612f100e6abefeac4f3d4cd0,APPROVED,Not Applicable,2024-04-26T08:16:02.012000Z,2024-04-26T08:36:27.097000Z,2024-04-29T20:54:50.678000Z,2024-04-26T08:36:44.958218Z,1226.0,CW8BWO89,147,Yes,25,Female,Black,South Africa,South Africa,South Africa,English,Yes,Full-Time
662b6241e3ee5075517b61b8,5d7df958cb6cf00001399929,RETURNED,Not Applicable,2024-04-26T08:23:53.873000Z,,,2024-05-06T11:14:00.976708Z,,,735,CONSENT_REVOKED,CONSENT_REVOKED,CONSENT_REVOKED,CONSENT_REVOKED,CONSENT_REVOKED,CONSENT_REVOKED,CONSENT_REVOKED,CONSENT_REVOKED,CONSENT_REVOKED,CONSENT_REVOKED
662b625c5288195774b313b4,602afb82e999ac1f112e7d5f,APPROVED,Not Applicable,2024-04-26T08:14:23.186000Z,2024-04-26T08:57:04.365000Z,2024-04-29T20:54:50.881000Z,2024-04-26T08:57:04.810267Z,2562.0,CW8BWO89,489,Yes,30,Male,White,Poland,Poland,Poland,Polish,No,Full-Time
662b6265a892369668d6ef04,656700a9c53734f641fea858,APPROVED,Not Applicable,2024-04-26T08:14:37.005000Z,2024-04-26T08:47:54.938000Z,2024-04-29T20:54:51.218000Z,2024-04-26T08:47:55.496219Z,1998.0,CW8BWO89,70,Yes,26,Male,Black,South Africa,South Africa,South Africa,Other,Yes,Full-Time
662b63b2165e5ee230e32515,60ddcd80bbeb3c7f8958f6bf,RETURNED,Not Applicable,2024-04-26T08:29:59.961000Z,,,2024-05-06T11:14:00.979689Z,,,613,CONSENT_REVOKED,CONSENT_REVOKED,CONSENT_REVOKED,CONSENT_REVOKED,CONSENT_REVOKED,CONSENT_REVOKED,CONSENT_REVOKED,CONSENT_REVOKED,CONSENT_REVOKED,CONSENT_REVOKED
662b64c6ebdb46157f353e9a,5c405aee40de0b0001437db0,RETURNED,Not Applicable,2024-04-26T08:24:38.852000Z,,,2024-05-06T11:14:00.982388Z,,,485,CONSENT_REVOKED,CONSENT_REVOKED,CONSENT_REVOKED,CONSENT_REVOKED,CONSENT_REVOKED,CONSENT_REVOKED,CONSENT_REVOKED,CONSENT_REVOKED,CONSENT_REVOKED,CONSENT_REVOKED
662b65035f374cacbb12ff0d,58acbfacea3d11000170e99a,RETURNED,Not Applicable,2024-04-26T08:27:52.993000Z,,,2024-05-06T11:14:00.984627Z,,,670,CONSENT_REVOKED,CONSENT_REVOKED,CONSENT_REVOKED,CONSENT_REVOKED,CONSENT_REVOKED,CONSENT_REVOKED,CONSENT_REVOKED,CONSENT_REVOKED,CONSENT_REVOKED,CONSENT_REVOKED
662b657239ca785482cddcc4,615d8873c11a1982c8838b54,RETURNED,Not Applicable,2024-04-26T08:27:30.758000Z,,,2024-05-06T11:14:00.998409Z,,,452,CONSENT_REVOKED,CONSENT_REVOKED,CONSENT_REVOKED,CONSENT_REVOKED,CONSENT_REVOKED,CONSENT_REVOKED,CONSENT_REVOKED,CONSENT_REVOKED,CONSENT_REVOKED,CONSENT_REVOKED
662b67a71333ff6edbff4a39,6580e5dfdc7fc94823610ef5,APPROVED,Not Applicable,2024-04-26T08:37:13.520000Z,2024-04-26T08:58:20.155000Z,2024-04-29T20:54:51.406000Z,2024-04-26T08:58:20.944310Z,1267.0,CW8BWO89,107,Yes,27,Male,White,Australia,Australia,Australia,English,No,Full-Time
662b6ad6c62ac442659bd348,647e5f4c5b7dfbc365335f72,TIMED-OUT,Not Applicable,2024-04-26T08:50:36.107000Z,,,2024-05-06T11:14:01.003356Z,872605.0,,387,Yes,55,Female,White,Portugal,Portugal,Portugal,Portuguese,No,Full-Time
662b6c7c64c69addf93f7f02,660154442449690a354f6911,RETURNED,Not Applicable,2024-04-26T09:01:18.617000Z,,,2024-05-06T11:14:01.013772Z,,,27,CONSENT_REVOKED,CONSENT_REVOKED,CONSENT_REVOKED,CONSENT_REVOKED,CONSENT_REVOKED,CONSENT_REVOKED,CONSENT_REVOKED,CONSENT_REVOKED,CONSENT_REVOKED,CONSENT_REVOKED
662b6cbc94d019f2cde32c23,614b55e22ff3944a165736bb,RETURNED,Not Applicable,2024-04-26T08:59:13.749000Z,2024-04-26T10:44:32.916000Z,,2024-05-06T11:14:01.028129Z,,NOCODE,745,CONSENT_REVOKED,CONSENT_REVOKED,CONSENT_REVOKED,CONSENT_REVOKED,CONSENT_REVOKED,CONSENT_REVOKED,CONSENT_REVOKED,CONSENT_REVOKED,CONSENT_REVOKED,CONSENT_REVOKED
662b6dfe5c079a530a346e56,5a541218eedc32000142254b,RETURNED,Not Applicable,2024-04-26T09:04:18.678000Z,,,2024-05-06T11:14:01.049311Z,,,570,CONSENT_REVOKED,CONSENT_REVOKED,CONSENT_REVOKED,CONSENT_REVOKED,CONSENT_REVOKED,CONSENT_REVOKED,CONSENT_REVOKED,CONSENT_REVOKED,CONSENT_REVOKED,CONSENT_REVOKED
662b6f43165e5ee230e32925,653e69acd1d1340f02fa4cbc,RETURNED,Not Applicable,2024-04-26T09:10:20.005000Z,,,2024-05-06T11:14:01.067986Z,,,446,CONSENT_REVOKED,CONSENT_REVOKED,CONSENT_REVOKED,CONSENT_REVOKED,CONSENT_REVOKED,CONSENT_REVOKED,CONSENT_REVOKED,CONSENT_REVOKED,CONSENT_REVOKED,CONSENT_REVOKED
662b6feec9520b893f8cd537,5c9cb670b472d0001295f377,RETURNED,Not Applicable,2024-04-26T09:12:29.710000Z,,,2024-05-06T11:14:01.071984Z,,,1236,CONSENT_REVOKED,CONSENT_REVOKED,CONSENT_REVOKED,CONSENT_REVOKED,CONSENT_REVOKED,CONSENT_REVOKED,CONSENT_REVOKED,CONSENT_REVOKED,CONSENT_REVOKED,CONSENT_REVOKED
662b7034ae206f5beb38dfeb,5f0214e58782120a8c970fd6,RETURNED,Not Applicable,2024-04-26T09:14:56.551000Z,,,2024-05-06T11:14:01.080119Z,,,768,CONSENT_REVOKED,CONSENT_REVOKED,CONSENT_REVOKED,CONSENT_REVOKED,CONSENT_REVOKED,CONSENT_REVOKED,CONSENT_REVOKED,CONSENT_REVOKED,CONSENT_REVOKED,CONSENT_REVOKED
662b70ddd42b6f642b92b21b,64e905e3eea5a5ce019a1f88,RETURNED,Not Applicable,2024-04-26T09:22:33.401000Z,,,2024-05-06T11:14:01.098070Z,,,166,CONSENT_REVOKED,CONSENT_REVOKED,CONSENT_REVOKED,CONSENT_REVOKED,CONSENT_REVOKED,CONSENT_REVOKED,CONSENT_REVOKED,CONSENT_REVOKED,CONSENT_REVOKED,CONSENT_REVOKED
662b732adc5e430723fee43d,65a9777788c92965fdac9b68,RETURNED,Not Applicable,2024-04-26T09:36:02.050000Z,,,2024-05-06T11:14:01.163712Z,,,139,CONSENT_REVOKED,CONSENT_REVOKED,CONSENT_REVOKED,CONSENT_REVOKED,CONSENT_REVOKED,CONSENT_REVOKED,CONSENT_REVOKED,CONSENT_REVOKED,CONSENT_REVOKED,CONSENT_REVOKED
662b735e8a1159cce0eba292,64e76ad4ce316de314ca559b,RETURNED,Not Applicable,2024-04-26T09:26:57.729000Z,,,2024-05-06T11:14:01.173258Z,,,296,CONSENT_REVOKED,CONSENT_REVOKED,CONSENT_REVOKED,CONSENT_REVOKED,CONSENT_REVOKED,CONSENT_REVOKED,CONSENT_REVOKED,CONSENT_REVOKED,CONSENT_REVOKED,CONSENT_REVOKED
662b7399b5db5b6c81d3dc9f,659583e0d5fab84895bfac7c,RETURNED,Not Applicable,2024-04-26T09:32:46.464000Z,,,2024-05-06T11:14:01.186684Z,,,41,CONSENT_REVOKED,CONSENT_REVOKED,CONSENT_REVOKED,CONSENT_REVOKED,CONSENT_REVOKED,CONSENT_REVOKED,CONSENT_REVOKED,CONSENT_REVOKED,CONSENT_REVOKED,CONSENT_REVOKED
662b74e1564a0a36b258c0cb,6557ebf8541bd32382739c1a,RETURNED,Not Applicable,2024-04-26T09:33:27.923000Z,,,2024-05-06T11:14:01.197872Z,,,232,CONSENT_REVOKED,CONSENT_REVOKED,CONSENT_REVOKED,CONSENT_REVOKED,CONSENT_REVOKED,CONSENT_REVOKED,CONSENT_REVOKED,CONSENT_REVOKED,CONSENT_REVOKED,CONSENT_REVOKED
662b74efc92732fd53b6a9db,63d6c8b398b284a355e65870,RETURNED,Not Applicable,2024-04-26T09:33:59.304000Z,,,2024-05-06T11:14:01.202356Z,,,645,CONSENT_REVOKED,CONSENT_REVOKED,CONSENT_REVOKED,CONSENT_REVOKED,CONSENT_REVOKED,CONSENT_REVOKED,CONSENT_REVOKED,CONSENT_REVOKED,CONSENT_REVOKED,CONSENT_REVOKED
662b751db0752a2950d3dcf5,60db6cbfbdc2bef6285fe52c,RETURNED,Not Applicable,2024-04-26T09:34:42.773000Z,,,2024-05-06T11:14:01.217116Z,,,410,CONSENT_REVOKED,CONSENT_REVOKED,CONSENT_REVOKED,CONSENT_REVOKED,CONSENT_REVOKED,CONSENT_REVOKED,CONSENT_REVOKED,CONSENT_REVOKED,CONSENT_REVOKED,CONSENT_REVOKED
662b75736bdca0469b50e027,6621503c947e5e6fe7830f1e,APPROVED,Not Applicable,2024-04-26T09:39:12.076000Z,2024-04-26T10:07:31.716000Z,2024-04-29T20:54:51.590000Z,2024-04-26T10:08:54.878986Z,1700.0,CW8BWO89,35,Yes,25,Female,Black,Nigeria,United Kingdom,Nigeria,English,Yes,DATA_EXPIRED
662b7574475f8e18a4d3fef2,60f814d5348f2f80c0e60c3a,RETURNED,Not Applicable,2024-04-26T09:35:48.774000Z,,,2024-05-06T11:14:01.324461Z,,,1070,CONSENT_REVOKED,CONSENT_REVOKED,CONSENT_REVOKED,CONSENT_REVOKED,CONSENT_REVOKED,CONSENT_REVOKED,CONSENT_REVOKED,CONSENT_REVOKED,CONSENT_REVOKED,CONSENT_REVOKED
662b75b3fc61c07d2c99f10c,5c92f797803bff0017fef8dd,RETURNED,Not Applicable,2024-04-26T09:46:51.909000Z,,,2024-05-06T11:14:01.334743Z,,,1677,CONSENT_REVOKED,CONSENT_REVOKED,CONSENT_REVOKED,CONSENT_REVOKED,CONSENT_REVOKED,CONSENT_REVOKED,CONSENT_REVOKED,CONSENT_REVOKED,CONSENT_REVOKED,CONSENT_REVOKED
662b7618b88d37b6a327fd28,6135f43464be30d6a0bb0be8,RETURNED,Not Applicable,2024-04-26T09:38:40.655000Z,,,2024-05-06T11:14:01.336454Z,,,160,CONSENT_REVOKED,CONSENT_REVOKED,CONSENT_REVOKED,CONSENT_REVOKED,CONSENT_REVOKED,CONSENT_REVOKED,CONSENT_REVOKED,CONSENT_REVOKED,CONSENT_REVOKED,CONSENT_REVOKED
662b76d4fc61c07d2c99f154,6613fa9b08e1e2496afb6518,RETURNED,Not Applicable,2024-04-26T09:41:45.376000Z,2024-04-26T09:42:01.497000Z,,2024-05-06T11:14:01.363156Z,,NOCODE,24,CONSENT_REVOKED,CONSENT_REVOKED,CONSENT_REVOKED,CONSENT_REVOKED,CONSENT_REVOKED,CONSENT_REVOKED,CONSENT_REVOKED,CONSENT_REVOKED,CONSENT_REVOKED,CONSENT_REVOKED
662b776d41512d00bb2d6425,5c48be0496d59b000183e68d,RETURNED,Not Applicable,2024-04-26T09:51:54.312000Z,,,2024-05-06T11:14:01.369604Z,,,793,CONSENT_REVOKED,CONSENT_REVOKED,CONSENT_REVOKED,CONSENT_REVOKED,CONSENT_REVOKED,CONSENT_REVOKED,CONSENT_REVOKED,CONSENT_REVOKED,CONSENT_REVOKED,CONSENT_REVOKED
662b7abb7a2eaf91dfbb8ed7,6614daf007670261189c3e8a,APPROVED,Not Applicable,2024-04-26T10:02:19.883000Z,2024-04-26T10:46:41.376000Z,2024-04-29T20:54:51.767000Z,2024-04-26T10:47:53.327559Z,2662.0,CW8BWO89,33,Yes,36,Female,White,Hungary,Hungary,Hungary,Hungarian,No,Full-Time
662b7cc02a8a4c93331c47e1,629f6b8c65fcae219e245284,RETURNED,Not Applicable,2024-04-26T10:07:01.961000Z,,,2024-05-06T11:14:01.380299Z,,,1950,CONSENT_REVOKED,CONSENT_REVOKED,CONSENT_REVOKED,CONSENT_REVOKED,CONSENT_REVOKED,CONSENT_REVOKED,CONSENT_REVOKED,CONSENT_REVOKED,CONSENT_REVOKED,CONSENT_REVOKED
662b7cec6dfd99217d629974,60cdae5d942a76a98eba611a,RETURNED,Not Applicable,2024-04-26T10:09:28.187000Z,,,2024-05-06T11:14:01.381851Z,,,701,CONSENT_REVOKED,CONSENT_REVOKED,CONSENT_REVOKED,CONSENT_REVOKED,CONSENT_REVOKED,CONSENT_REVOKED,CONSENT_REVOKED,CONSENT_REVOKED,CONSENT_REVOKED,CONSENT_REVOKED
662b83ddec93a0d870c41cbc,5b3f242f9c2ec600014ef9fc,RETURNED,Not Applicable,2024-04-26T10:39:32.537000Z,,,2024-05-06T11:14:01.398192Z,,,1117,CONSENT_REVOKED,CONSENT_REVOKED,CONSENT_REVOKED,CONSENT_REVOKED,CONSENT_REVOKED,CONSENT_REVOKED,CONSENT_REVOKED,CONSENT_REVOKED,CONSENT_REVOKED,CONSENT_REVOKED
662b8568b58591ff61ae2604,65ae78fc9cd81e8e26612cb2,RETURNED,Not Applicable,2024-04-26T10:43:52.690000Z,,,2024-05-06T11:14:01.405663Z,,,178,CONSENT_REVOKED,CONSENT_REVOKED,CONSENT_REVOKED,CONSENT_REVOKED,CONSENT_REVOKED,CONSENT_REVOKED,CONSENT_REVOKED,CONSENT_REVOKED,CONSENT_REVOKED,CONSENT_REVOKED
662b85afb382b2958997c010,64526929d8f9b780b29d4d8d,RETURNED,Not Applicable,2024-04-26T10:45:20.509000Z,,,2024-05-06T11:14:01.418470Z,,,498,CONSENT_REVOKED,CONSENT_REVOKED,CONSENT_REVOKED,CONSENT_REVOKED,CONSENT_REVOKED,CONSENT_REVOKED,CONSENT_REVOKED,CONSENT_REVOKED,CONSENT_REVOKED,CONSENT_REVOKED
662b8686999d89fd115300e2,6400e0dd862feacb579475a8,RETURNED,Not Applicable,2024-04-26T10:51:05.029000Z,,,2024-05-06T11:14:01.425878Z,,,813,CONSENT_REVOKED,CONSENT_REVOKED,CONSENT_REVOKED,CONSENT_REVOKED,CONSENT_REVOKED,CONSENT_REVOKED,CONSENT_REVOKED,CONSENT_REVOKED,CONSENT_REVOKED,CONSENT_REVOKED
662b870803390c5118204fa6,5fa94ee12438bf08ad45f75f,APPROVED,Not Applicable,2024-04-26T10:50:51.896000Z,2024-04-26T11:25:35.278000Z,2024-04-29T20:54:51.960000Z,2024-04-26T11:25:37.323453Z,2084.0,CW8BWO89,522,Yes,34,Male,White,Italy,France,Italy,Italian,Yes,Full-Time
662b883441512d00bb2d688d,6511e688100fd33b378fa688,RETURNED,Not Applicable,2024-04-26T10:55:48.965000Z,2024-04-26T11:55:15.162000Z,,2024-05-06T11:14:01.430237Z,,NOCODE,294,CONSENT_REVOKED,CONSENT_REVOKED,CONSENT_REVOKED,CONSENT_REVOKED,CONSENT_REVOKED,CONSENT_REVOKED,CONSENT_REVOKED,CONSENT_REVOKED,CONSENT_REVOKED,CONSENT_REVOKED
662b8dd71bff6ad987fb3375,6509afd5de37875b4dbed467,APPROVED,Not Applicable,2024-04-26T11:19:51.816000Z,2024-04-26T11:30:44.356000Z,2024-04-29T20:54:52.179000Z,2024-04-26T11:30:44.977996Z,653.0,CW8BWO89,208,Yes,21,Female,White,Poland,Poland,Poland,Polish,Yes,Part-Time
